{
  "/home/swarm/Swarm-Wiki/00-config/swarm_config.py": 1775526122.1345432,
  "/home/swarm/Swarm-Wiki/CLAUDE.md": 1775507051.8225117,
  "/home/swarm/Swarm-Wiki/AGENTS.md": 1775507051.8215115,
  "/home/swarm/Swarm-Wiki/CONTRIBUTING.md": 1775351265.831776,
  "/home/swarm/Swarm-Wiki/README.md": 1775520556.9283175,
  "/home/swarm/Swarm-Wiki/06-curation/prompt-machine.md": 1775351265.8297758,
  "/home/swarm/Swarm-Wiki/06-curation/orchestrator.md": 1775351265.8297758,
  "/home/swarm/Swarm-Wiki/06-curation/verticals.md": 1775351265.8297758,
  "/home/swarm/Swarm-Wiki/06-curation/skills-discovery.md": 1775351265.8297758,
  "/home/swarm/Swarm-Wiki/06-curation/middleware.md": 1775351265.828776,
  "/home/swarm/Swarm-Wiki/06-curation/README.md": 1775520531.117656,
  "/home/swarm/Swarm-Wiki/10-hedera/bridge.md": 1775351265.8307757,
  "/home/swarm/Swarm-Wiki/10-hedera/finality-pipeline.md": 1775528533.3443713,
  "/home/swarm/Swarm-Wiki/10-hedera/mainnet.md": 1775351265.8307757,
  "/home/swarm/Swarm-Wiki/10-hedera/README.md": 1775351265.8307757,
  "/home/swarm/Swarm-Wiki/10-hedera/agents.md": 1775351265.8307757,
  "/home/swarm/Swarm-Wiki/19-research/reliability-calibration.md": 1775520579.472022,
  "/home/swarm/Swarm-Wiki/19-research/broken-weights-intelligence.md": 1775505487.805562,
  "/home/swarm/Swarm-Wiki/19-research/slime-framework-reference.md": 1775506754.4653156,
  "/home/swarm/Swarm-Wiki/19-research/agent-orchestration.md": 1775520572.5351129,
  "/home/swarm/Swarm-Wiki/19-research/satoshi-hash.md": 1775477899.6793232,
  "/home/swarm/Swarm-Wiki/19-research/openclaw-rl-architecture.md": 1775506648.5921273,
  "/home/swarm/Swarm-Wiki/19-research/grpo-reference.md": 1775506879.6872323,
  "/home/swarm/Swarm-Wiki/19-research/knowledge-graphs-rag.md": 1775354477.002475,
  "/home/swarm/Swarm-Wiki/19-research/CHANGELOG.md": 1775439297.582236,
  "/home/swarm/Swarm-Wiki/19-research/agenthash-blueprint.md": 1775507619.0272398,
  "/home/swarm/Swarm-Wiki/19-research/llm-as-judge.md": 1775520574.7600837,
  "/home/swarm/Swarm-Wiki/19-research/agenthash-failure-traces.md": 1775507337.7032456,
  "/home/swarm/Swarm-Wiki/19-research/exp003-perdimension-cot.md": 1775520544.3844821,
  "/home/swarm/Swarm-Wiki/19-research/clawhash-intelligence.md": 1775490442.6253893,
  "/home/swarm/Swarm-Wiki/19-research/bitcoin_whitepaper.txt": 1775477824.780353,
  "/home/swarm/Swarm-Wiki/19-research/README.md": 1775397322.289769,
  "/home/swarm/Swarm-Wiki/19-research/exp002-fewshot-exemplars.md": 1775362171.6569746,
  "/home/swarm/Swarm-Wiki/19-research/exp001-position-bias.md": 1775520522.8407648,
  "/home/swarm/Swarm-Wiki/19-research/cot-prompt-design.md": 1775354523.2387643,
  "/home/swarm/Swarm-Wiki/09-infrastructure/gpu-operations.md": 1775520563.60923,
  "/home/swarm/Swarm-Wiki/09-infrastructure/whale.md": 1775351265.8297758,
  "/home/swarm/Swarm-Wiki/09-infrastructure/miner-energy.md": 1775358302.6782293,
  "/home/swarm/Swarm-Wiki/09-infrastructure/swarmrails.md": 1775351265.8297758,
  "/home/swarm/Swarm-Wiki/09-infrastructure/swarm-controller.md": 1775351265.8297758,
  "/home/swarm/Swarm-Wiki/09-infrastructure/energy-economics.md": 1775528384.3783557,
  "/home/swarm/Swarm-Wiki/09-infrastructure/networking.md": 1775351265.8297758,
  "/home/swarm/Swarm-Wiki/09-infrastructure/README.md": 1775351265.8297758,
  "/home/swarm/Swarm-Wiki/09-infrastructure/nas.md": 1775351265.8297758,
  "/home/swarm/Swarm-Wiki/09-infrastructure/edge-nodes.md": 1775351265.8297758,
  "/home/swarm/Swarm-Wiki/02-models/swarmcre-35b.md": 1775351265.827776,
  "/home/swarm/Swarm-Wiki/02-models/beemini-router.md": 1775351265.827776,
  "/home/swarm/Swarm-Wiki/02-models/swarm-atlas-27b.md": 1775351265.827776,
  "/home/swarm/Swarm-Wiki/02-models/swarmjelly-4b.md": 1775351265.828776,
  "/home/swarm/Swarm-Wiki/02-models/gold-standard-build.md": 1775351265.827776,
  "/home/swarm/Swarm-Wiki/02-models/swarmcurator-9b.md": 1775351265.828776,
  "/home/swarm/Swarm-Wiki/02-models/qwen35-reference.md": 1775351265.827776,
  "/home/swarm/Swarm-Wiki/02-models/swarmcapitalmarkets-27b.md": 1775351265.827776,
  "/home/swarm/Swarm-Wiki/02-models/swarmpharma-35b.md": 1775351265.828776,
  "/home/swarm/Swarm-Wiki/02-models/nemotron-nano.md": 1775351265.827776,
  "/home/swarm/Swarm-Wiki/02-models/swarmcurator-27b.md": 1775351265.827776,
  "/home/swarm/Swarm-Wiki/02-models/training-patterns.md": 1775351265.828776,
  "/home/swarm/Swarm-Wiki/02-models/swarmcurator-2b.md": 1775351265.827776,
  "/home/swarm/Swarm-Wiki/02-models/README.md": 1775351265.827776,
  "/home/swarm/Swarm-Wiki/02-models/swarmresearch-32b.md": 1775351265.828776,
  "/home/swarm/Swarm-Wiki/14-business/proof-of-location-case-study.md": 1775428657.9975555,
  "/home/swarm/Swarm-Wiki/14-business/01_LOI_flight_sheet.md": 1775528800.5468302,
  "/home/swarm/Swarm-Wiki/14-business/OM_aviation_v1.md": 1775528800.5428302,
  "/home/swarm/Swarm-Wiki/14-business/OM_grants_v1.md": 1775528800.5448303,
  "/home/swarm/Swarm-Wiki/14-business/swarmtitle-insurance.md": 1775528951.1378417,
  "/home/swarm/Swarm-Wiki/14-business/03_title_commitment.md": 1775528800.5468302,
  "/home/swarm/Swarm-Wiki/14-business/05_judge_calibration_cert.md": 1775528800.54783,
  "/home/swarm/Swarm-Wiki/14-business/02_PSA_purchase_agreement.md": 1775528800.5468302,
  "/home/swarm/Swarm-Wiki/14-business/06_warranty.md": 1775528800.54783,
  "/home/swarm/Swarm-Wiki/14-business/enterprise-cookbook-pricing.md": 1775506545.5574317,
  "/home/swarm/Swarm-Wiki/14-business/04_closing_statement.md": 1775528800.54783,
  "/home/swarm/Swarm-Wiki/14-business/OM_cre_v1.md": 1775528800.5438302,
  "/home/swarm/Swarm-Wiki/14-business/README.md": 1775351265.8307757,
  "/home/swarm/Swarm-Wiki/14-business/om_template.md": 1775528800.5458302,
  "/home/swarm/Swarm-Wiki/14-business/relocation-economics.md": 1775486734.296317,
  "/home/swarm/Swarm-Wiki/14-business/OM_medical_v1.md": 1775528800.5458302,
  "/home/swarm/Swarm-Wiki/14-business/capital-markets-engine.md": 1775351265.8307757,
  "/home/swarm/Swarm-Wiki/18-blueprints/clawforge-meta-agent.md": 1775508978.391591,
  "/home/swarm/Swarm-Wiki/18-blueprints/lastmile-blueprint.md": 1775351265.831776,
  "/home/swarm/Swarm-Wiki/18-blueprints/swarmcurator-9b-blueprint.md": 1775351265.831776,
  "/home/swarm/Swarm-Wiki/18-blueprints/virgin-jelly-pipeline.md": 1775432221.3264275,
  "/home/swarm/Swarm-Wiki/18-blueprints/red-blue-tribunal.md": 1775525727.5180352,
  "/home/swarm/Swarm-Wiki/18-blueprints/README.md": 1775351265.831776,
  "/home/swarm/Swarm-Wiki/22-glass-wall/FLIGHTSHEET_EPOCH1.md": 1775526026.9896622,
  "/home/swarm/Swarm-Wiki/22-glass-wall/GENESIS.md": 1775526026.991662,
  "/home/swarm/Swarm-Wiki/22-glass-wall/CALIBRATION.md": 1775526026.9756622,
  "/home/swarm/Swarm-Wiki/22-glass-wall/OFFERING_MEMORANDUM.md": 1775526026.999662,
  "/home/swarm/Swarm-Wiki/22-glass-wall/ARENA.md": 1775526026.9716623,
  "/home/swarm/Swarm-Wiki/22-glass-wall/LAYOUT.md": 1775526026.9966621,
  "/home/swarm/Swarm-Wiki/22-glass-wall/SWARMOS.md": 1775526027.0116618,
  "/home/swarm/Swarm-Wiki/22-glass-wall/DISCOVERY.md": 1775526026.9796622,
  "/home/swarm/Swarm-Wiki/22-glass-wall/ALGORITHM_REGISTRY.md": 1775526026.9706624,
  "/home/swarm/Swarm-Wiki/22-glass-wall/FINDING_ENERGY.md": 1775526026.9886622,
  "/home/swarm/Swarm-Wiki/22-glass-wall/HIVE.md": 1775526026.993662,
  "/home/swarm/Swarm-Wiki/22-glass-wall/EVAL_PROTOCOL.md": 1775526026.9836621,
  "/home/swarm/Swarm-Wiki/22-glass-wall/SWARMEVAL.md": 1775526027.009662,
  "/home/swarm/Swarm-Wiki/22-glass-wall/SPECTATORS.md": 1775526027.008662,
  "/home/swarm/Swarm-Wiki/22-glass-wall/FINDING_27B.md": 1775526026.9846623,
  "/home/swarm/Swarm-Wiki/22-glass-wall/DESIGN.md": 1775526026.9776623,
  "/home/swarm/Swarm-Wiki/22-glass-wall/SWARMREFINERY.md": 1775526027.0136619,
  "/home/swarm/Swarm-Wiki/22-glass-wall/KARPATHY_SIGNAL.md": 1775526026.994662,
  "/home/swarm/Swarm-Wiki/22-glass-wall/PRESSURE_TO_TRUTH.md": 1775526027.002662,